"","DOY","SM_sat","SM_gr"
"1",1,0.332923792135713,0.479809979166667
"2",2,0.172535011732578,0.47307376875
"3",3,0.353744103658198,0.519154254166667
"4",4,0.347278422415254,0.47992644516129
"5",5,0.373001826173067,0.472603083333333
"6",6,0.330480533611772,0.471095509375
"7",7,0.374630002039671,0.477608822916667
"8",8,0.145591033363339,0.475490865625
"9",9,0.319927455419299,0.4620016125
"10",10,0.314517409038541,0.447332
"11",11,0.310221849137542,0.44287981875
"12",12,0.318132042276857,0.506353222916667
"13",13,0.145870979475972,0.471764014583333
"14",14,0.305576921391484,0.459608073958333
"15",15,0.283638485109804,0.454733586458333
"16",16,0.0908564627170563,0.454158491666667
"17",17,0.31476534798145,0.468681238541667
"19",19,0.322073903536794,0.504256736458333
"20",20,0.324000456136462,0.466612234146341
"21",21,0.351598795557021,0.458689173958333
"22",22,0.31832378941178,0.463756689583333
"24",24,0.318376784050462,0.479660824444444
"25",25,0.317147726309297,0.481952865625
"26",26,0.322421509784457,0.491772151041667
"27",27,0.29948094603419,0.526925819791667
"28",28,0.319550555151698,0.491471232291667
"29",29,0.322877025580403,0.489125810416667
"30",30,0.312318555653092,0.472598784375
"31",31,0.319152966719863,0.472438411458333
"32",32,0.332781883156297,0.476667796
"43",43,0.324807397246358,0.5001942
"44",44,0.308755875039098,0.493038907291667
"45",45,0.316578687036034,0.48979860625
"46",46,0.30181137063503,0.487446530208333
"47",47,0.147347656726834,0.476837029166667
"48",48,0.301979397922751,0.469472546875
"49",49,0.295292730432746,0.448777425
"50",50,0.287096309149262,0.477037740625
"51",51,0.319365573310849,0.49641610625
"52",52,0.314509173375365,0.489134653125
"53",53,0.304189111828801,0.507759845833333
"54",54,0.316257863825557,0.525430515625
"55",55,0.306476281130313,0.499527621875
"56",56,0.298570139604804,0.490873155208333
"57",57,0.306834404754636,0.513951821875
"58",58,0.315579245901105,0.552526484375
"59",59,0.318706719863412,0.536935122222222
"62",62,0.309289972978827,0.5114770275
"63",63,0.311426420128343,0.515135845
"65",65,0.291900043070313,0.49122213125
"67",67,0.296491165155169,0.508760052083333
"68",68,0.298044419628379,0.512206507291667
"70",70,0.293427962648866,0.493449142708333
"71",71,0.316882194954154,0.486566134375
"72",72,0.31057736713886,0.533646714583333
"73",73,0.286238840198514,0.52874112631579
"74",74,0.245145593178269,0.50590356875
"75",75,0.298996763604877,0.482627997916667
"76",76,0.294676699620482,0.473774079166667
"77",77,0.276727651500699,0.461453879787234
"78",78,0.28204614742994,0.4539226375
"79",79,0.283001747316119,0.44599695625
"80",80,0.162048244941234,0.435495863636364
"81",81,0.273463858139512,0.422793721875
"82",82,0.155958958250284,0.414785038541667
"83",83,0.269822839576003,0.412613895833333
"84",84,0.273304146111009,0.408876802083333
"85",85,0.150632837498188,0.396587760416667
"86",86,0.254502771562335,0.385775501041667
"87",87,0.145870209556818,0.376859451666667
"130",130,0.321077872800824,0.523014947058824
"131",131,0.312648801010845,0.53464465
"132",132,0.310625281631944,0.535871336458333
"133",133,0.154704418611526,0.515583965625
"134",134,0.302556478571889,0.498197786458333
"135",135,0.291189440888164,0.482215422916667
"136",136,0.121474805122611,0.463841380208333
"137",137,0.262130894511935,0.450754495833333
"138",138,0.272266306483743,0.43923310625
"139",139,0.254860955172774,0.4328018
"140",140,0.251305919641254,0.430810177083333
"141",141,0.114371916615961,0.421772140625
"142",142,0.249325413149592,0.420501236458333
"143",143,0.262924497115609,0.418989247916667
"145",145,0.236665677034852,0.408423423958333
"147",147,0.217813940316436,0.394777240625
"148",148,0.218327825912831,0.389757326041667
"149",149,0.0758543685078621,0.385833
"150",150,0.212281373405455,0.365327029166667
"152",152,0.272876416391132,0.370199351041667
"153",153,0.274087513345477,0.375573959375
"154",154,0.241629151672122,0.37781760625
"155",155,0.2342291839838,0.374729634375
"156",156,0.239590450626609,0.455237635416667
"157",157,0.295378624165055,0.474979370833333
"158",158,0.280715799915788,0.451695834375
"159",159,0.248478177708385,0.430129602083333
"160",160,0.144929497408867,0.412146804166667
"161",161,0.245760463958976,0.397115098958333
"162",162,0.131581215608119,0.383580277083333
"163",163,0.22902303214967,0.375428283333333
"164",164,0.207696371376512,0.366926388541667
"166",166,0.219287468570468,0.355504135416667
"167",167,0.129976579850911,0.358996797916667
"168",168,0.229740617144105,0.433107
"169",169,0.31483563250899,0.421540408333333
"170",170,0.121197984904048,0.410939132291667
"171",171,0.265976976311204,0.397459490625
"172",172,0.250673228842018,0.3892114625
"173",173,0.0974541007935984,0.379955436458333
"174",174,0.144930895966291,0.37336933125
"175",175,0.0776349153041823,0.395099295833333
"176",176,0.290589102494714,0.392230771875
"177",177,0.111265073716638,0.42071869375
"178",178,0.0846344381570816,0.475978414583333
"179",179,0.288679522413012,0.473393484375
"180",180,0.112714546900985,0.454882130208333
"181",181,0.284451302665469,0.494506307291667
"182",182,0.10840910912752,0.498593544791667
"183",183,0.158663703268766,0.504656272916667
"184",184,0.266746140050886,0.505333263541667
"186",186,0.257306923311946,0.476709246875
"187",187,0.0663272427678097,0.454748105208333
"188",188,0.224905111590025,0.438701008333333
"189",189,0.234210771709678,0.425305233333333
"191",191,0.212794507390259,0.399322039583333
"193",193,0.2263959192574,0.3805307625
"194",194,0.231618200510738,0.373605116666667
"195",195,0.169423666101692,0.369480971875
"196",196,0.22582694814801,0.368084060416667
"197",197,0.197965008544919,0.367646075
"198",198,0.2122992855072,0.36512931875
"199",199,0.194254313534496,0.362536951041667
"200",200,0.226681274768707,0.359368236458333
"201",201,0.13933984106183,0.357839645833333
"202",202,0.198348349025843,0.355065110416667
"203",203,0.238101757550236,0.349961014583333
"204",204,0.195516302442549,0.349644198958333
"205",205,0.225261084339018,0.342163952083333
"206",206,0.184424314549563,0.335822952083333
"207",207,0.147146807837484,0.332920191666667
"208",208,0.130759548062085,0.332925680208333
"209",209,0.146838291177152,0.334815475
"210",210,0.137008326101303,0.335180225
"211",211,0.172130160516498,0.335132475
"212",212,0.174031361219284,0.333640130208333
"213",213,0.119459855771064,0.331780933333333
"214",214,0.163285153588651,0.33451186875
"215",215,0.188753766605256,0.33564186875
"216",216,0.0909215851813525,0.338562916666667
"217",217,0.222993937736747,0.3371995375
"218",218,0.213033639100191,0.336452355208333
"219",219,0.109668917369839,0.334724044791667
"220",220,0.184811393189428,0.331960827083333
"221",221,0.104145210456845,0.330391591666667
"222",222,0.157827594357727,0.327717425
"223",223,0.0698616417706005,0.326692439583333
"225",225,0.165566333970425,0.324884676041667
"227",227,0.210704065102336,0.355126233333333
"228",228,0.215657760205862,0.345543122916667
"229",229,0.134359888124466,0.338460371875
"230",230,0.187612278148529,0.332102433333333
"232",232,0.210128753748533,0.324028333333333
"233",233,0.157974159273503,0.321067403125
"234",234,0.208935109654066,0.318555832291667
"235",235,0.176668514138458,0.316829188541667
"236",236,0.15986954886317,0.316211117708333
"237",237,0.210277749705311,0.37220715625
"238",238,0.222317883738872,0.352642811458333
"239",239,0.212490910601613,0.338650617708333
"240",240,0.167114919582007,0.334661678125
"241",241,0.204749546098706,0.329703744791667
"242",242,0.131399878659843,0.322671688541667
"243",243,0.182800710228083,0.31639639375
"244",244,0.194223037937281,0.311696271875
"246",246,0.201957939231393,0.303517058333333
"247",247,0.126493284392356,0.3018763
"248",248,0.156978229373692,0.298869086458333
"249",249,0.199486837047336,0.298032146875
"250",250,0.0858124386727789,0.297347571875
"251",251,0.190226543724534,0.296024378125
"252",252,0.175080355247852,0.295488541666667
"253",253,0.171979228869078,0.298691788541667
"254",254,0.238607905662057,0.297865120833333
"255",255,0.0974541007935984,0.296393509375
"256",256,0.228089306330678,0.29446664375
"257",257,0.216164333891865,0.292544420833333
"258",258,0.216041011321542,0.290310826041667
"259",259,0.210861298480627,0.28943028125
"260",260,0.179404763868449,0.288023127083333
"261",261,0.17900184908509,0.290566402083333
"262",262,0.205160067087409,0.332909684375
"263",263,0.148688841938972,0.332110227083333
"264",264,0.261693350261446,0.31758838125
"265",265,0.248605788624283,0.307910791666667
"266",266,0.236972266644236,0.303722717708333
"267",267,0.201799147772786,0.298860498958333
"268",268,0.19503848429918,0.292694844791667
"269",269,0.187460404300688,0.289554114583333
"270",270,0.191639171913263,0.287604485416667
"271",271,0.180041615605352,0.287922377083333
"273",273,0.17484302101433,0.284919110416667
"274",274,0.178029928481576,0.282696747916667
"275",275,0.159180980992315,0.279652919791667
"276",276,0.16881176818609,0.276787290625
"278",278,0.171779441806672,0.271727820833333
"279",279,0.180872561687229,0.269941495833333
"280",280,0.185674355259535,0.264282384375
"281",281,0.145631010848281,0.258368633333333
"282",282,0.0991245800793151,0.256793423958333
"283",283,0.139080989539621,0.259534340625
"284",284,0.148651511809228,0.249261845833333
"285",285,0.285840047037599,0.246357059375
"286",286,0.235766887438295,0.252335651041667
"287",287,0.23850300517678,0.262545847916667
"288",288,0.154709015059471,0.268232189583333
"289",289,0.240368918502329,0.261927252083333
"290",290,0.122716578367351,0.254145121875
"291",291,0.243999082261321,0.251198126041667
"292",292,0.22345606986284,0.256464897916667
"293",293,0.115850036874413,0.256844848958333
"294",294,0.217727279144523,0.261146870833333
"295",295,0.134631747251748,0.255917742708333
"296",296,0.105208165174721,0.255868764583333
"297",297,0.239544320487973,0.262886780208333
"298",298,0.255552205914256,0.328051972916667
"299",299,0.298007826966044,0.307503386458333
"300",300,0.264912494277951,0.301384733333333
"301",301,0.119165876865385,0.296950936458333
"302",302,0.261459527504441,0.341824914583333
"303",303,0.152856866431234,0.37951564375
"304",304,0.161842728692293,0.373761567708333
"305",305,0.273176349729296,0.362962415625
"307",307,0.253218786716458,0.355351866666667
"308",308,0.273733466327188,0.357200053125
"309",309,0.117899586749076,0.35974613125
"310",310,0.253266338825223,0.359863171875
"312",312,0.282637904089686,0.363911053125
"314",314,0.256774042403695,0.356366961458333
"315",315,0.260042145603892,0.356512057291667
"316",316,0.273631546229122,0.344430175
"317",317,0.21965402819812,0.33860639375
"318",318,0.250311798232791,0.385890717708333
"319",319,0.309743733531234,0.399363576041667
"320",320,0.255742000538108,0.3900644875
"321",321,0.277080437648293,0.3880711
"322",322,0.142990894860028,0.385883792708333
"323",323,0.270150264060494,0.383074041666667
"324",324,0.266008016037938,0.385797235416667
"325",325,0.275101308083532,0.409276922916667
"326",326,0.280601398062703,0.423411313541667
"327",327,0.162465403449535,0.4249050125
"328",328,0.249008659857509,0.41046098125
"329",329,0.260645835405586,0.406488039583333
"330",330,0.267941332024334,0.407785367708333
"331",331,0.257840410786864,0.399300546875
"332",332,0.26985286004543,0.391014807291667
"333",333,0.275630693793294,0.39274554375
"334",334,0.259353628426788,0.401075714583333
"335",335,0.266579213213918,0.389243458333333
"336",336,0.120650482869147,0.376136792708333
"337",337,0.119442698329685,0.369916859375
"338",338,0.245987791544198,0.3668631
"339",339,0.246876032382247,0.367018110416667
"340",340,0.252993252062795,0.367832777083333
"341",341,0.279684168183803,0.361949698958333
"342",342,0.24483046852946,0.359865202083333
"343",343,0.236142764735219,0.364507453125
"344",344,0.271108096694943,0.388809194791667
"345",345,0.263547314321992,0.411800125
"346",346,0.255722267216441,0.399921084375
"347",347,0.119996337521074,0.397814404166667
"348",348,0.248631729865071,0.389503719791667
"349",349,0.243475477337834,0.38937240625
"350",350,0.249293932926652,0.385063854166667
"351",351,0.254348232275245,0.372284947916667
"352",352,0.0349545106291771,0.362544814583333
"353",353,0.220806316959855,0.356854646875
"355",355,0.256729213201997,0.3605349375
"356",356,0.239255229443309,0.35749349375
"357",357,0.251298483401536,0.35391326875
"358",358,0.239215883547065,0.3522502625
"360",360,0.254313329094646,0.355152438541667
"361",361,0.230559143453834,0.355624382291667
"362",362,0.256016769433019,0.358343466666667
"363",363,0.257726580464837,0.357696163541667
"364",364,0.250759338736531,0.346928692708333
"365",365,0.216251292318104,0.339539159375
